-- MillSuite MVP — Demo Account Seed Data
-- $6M/year shop, 27 employees, ~$2M in active production
--
-- STEP 1: Create auth user in Supabase Dashboard → Authentication → Add User
--   Email: demo@millsuite.com  Password: (your choice)
--   Copy the UUID from the auth.users table after creation
--
-- STEP 2: Replace 'AUTH_USER_ID_HERE' below with that UUID
--
-- STEP 3: Run this entire script in the Supabase SQL editor

-- ═══════════════════════════════════════════════════════════════
-- ORG
-- ═══════════════════════════════════════════════════════════════
INSERT INTO orgs (id, name, slug, shop_rate, consumable_markup_pct, profit_margin_pct, plan)
VALUES ('d0000000-0000-0000-0000-da0000000001', 'Precision Millwork Co.', 'precision-millwork', 85, 15, 35, 'pro');

-- ═══════════════════════════════════════════════════════════════
-- OWNER USER (link to auth)
-- ═══════════════════════════════════════════════════════════════
INSERT INTO users (id, org_id, auth_user_id, email, name, role, employee_type, hourly_cost)
VALUES ('a0000000-0000-0000-0000-aa0000000001', 'd0000000-0000-0000-0000-da0000000001',
  'AUTH_USER_ID_HERE', 'demo@millsuite.com', 'Mike Reynolds', 'owner', null, 0);

-- ═══════════════════════════════════════════════════════════════
-- DEPARTMENTS
-- ═══════════════════════════════════════════════════════════════
INSERT INTO departments (id, org_id, name, color, display_order, active, hours_per_day) VALUES
  ('de000000-0000-0000-0000-de0000000001', 'd0000000-0000-0000-0000-da0000000001', 'Engineering',     '#2563EB', 1, true, 8),
  ('de000000-0000-0000-0000-de0000000002', 'd0000000-0000-0000-0000-da0000000001', 'CNC / Mill',      '#D97706', 2, true, 8),
  ('de000000-0000-0000-0000-de0000000003', 'd0000000-0000-0000-0000-da0000000001', 'Case Assembly',   '#059669', 3, true, 8),
  ('de000000-0000-0000-0000-de0000000004', 'd0000000-0000-0000-0000-da0000000001', 'Finishing',       '#7C3AED', 4, true, 8),
  ('de000000-0000-0000-0000-de0000000005', 'd0000000-0000-0000-0000-da0000000001', 'Install',         '#DC2626', 5, true, 8);

-- ═══════════════════════════════════════════════════════════════
-- TEAM (27 employees)
-- ═══════════════════════════════════════════════════════════════
-- Engineering (4 drafters)
INSERT INTO users (id, org_id, email, name, role, employee_type, hourly_cost) VALUES
  ('a0000000-0000-0000-0000-aa0000000010', 'd0000000-0000-0000-0000-da0000000001', 'jcarter@precision.com',    'Jake Carter',       'member', 'drafter',   32),
  ('a0000000-0000-0000-0000-aa0000000011', 'd0000000-0000-0000-0000-da0000000001', 'smorales@precision.com',   'Sofia Morales',     'member', 'drafter',   30),
  ('a0000000-0000-0000-0000-aa0000000012', 'd0000000-0000-0000-0000-da0000000001', 'tjenkins@precision.com',   'Tyler Jenkins',     'member', 'drafter',   28),
  ('a0000000-0000-0000-0000-aa0000000013', 'd0000000-0000-0000-0000-da0000000001', 'anelson@precision.com',    'Amy Nelson',        'member', 'drafter',   31);

-- CNC (4 operators)
INSERT INTO users (id, org_id, email, name, role, employee_type, hourly_cost) VALUES
  ('a0000000-0000-0000-0000-aa0000000020', 'd0000000-0000-0000-0000-da0000000001', 'mthompson@precision.com',  'Marcus Thompson',   'member', 'builder',   35),
  ('a0000000-0000-0000-0000-aa0000000021', 'd0000000-0000-0000-0000-da0000000001', 'rkim@precision.com',       'Rachel Kim',        'member', 'builder',   33),
  ('a0000000-0000-0000-0000-aa0000000022', 'd0000000-0000-0000-0000-da0000000001', 'dgarcia@precision.com',    'David Garcia',      'member', 'builder',   34),
  ('a0000000-0000-0000-0000-aa0000000023', 'd0000000-0000-0000-0000-da0000000001', 'kwilson@precision.com',    'Kevin Wilson',      'member', 'builder',   32);

-- Assembly (7 builders)
INSERT INTO users (id, org_id, email, name, role, employee_type, hourly_cost) VALUES
  ('a0000000-0000-0000-0000-aa0000000030', 'd0000000-0000-0000-0000-da0000000001', 'jrodriguez@precision.com', 'Juan Rodriguez',    'member', 'builder',   30),
  ('a0000000-0000-0000-0000-aa0000000031', 'd0000000-0000-0000-0000-da0000000001', 'blee@precision.com',       'Brian Lee',         'member', 'builder',   29),
  ('a0000000-0000-0000-0000-aa0000000032', 'd0000000-0000-0000-0000-da0000000001', 'cpatel@precision.com',     'Chris Patel',       'member', 'builder',   28),
  ('a0000000-0000-0000-0000-aa0000000033', 'd0000000-0000-0000-0000-da0000000001', 'asmith@precision.com',     'Andre Smith',       'member', 'builder',   30),
  ('a0000000-0000-0000-0000-aa0000000034', 'd0000000-0000-0000-0000-da0000000001', 'mhernandez@precision.com', 'Miguel Hernandez',  'member', 'builder',   27),
  ('a0000000-0000-0000-0000-aa0000000035', 'd0000000-0000-0000-0000-da0000000001', 'jbrown@precision.com',     'Jason Brown',       'member', 'builder',   29),
  ('a0000000-0000-0000-0000-aa0000000036', 'd0000000-0000-0000-0000-da0000000001', 'twong@precision.com',      'Tony Wong',         'member', 'builder',   28);

-- Finishing (5 finishers)
INSERT INTO users (id, org_id, email, name, role, employee_type, hourly_cost) VALUES
  ('a0000000-0000-0000-0000-aa0000000040', 'd0000000-0000-0000-0000-da0000000001', 'lmartinez@precision.com',  'Luis Martinez',     'member', 'finisher',  32),
  ('a0000000-0000-0000-0000-aa0000000041', 'd0000000-0000-0000-0000-da0000000001', 'dchang@precision.com',     'Diana Chang',       'member', 'finisher',  30),
  ('a0000000-0000-0000-0000-aa0000000042', 'd0000000-0000-0000-0000-da0000000001', 'rjohnson@precision.com',   'Ray Johnson',       'member', 'finisher',  31),
  ('a0000000-0000-0000-0000-aa0000000043', 'd0000000-0000-0000-0000-da0000000001', 'nwhite@precision.com',     'Nick White',        'member', 'finisher',  29),
  ('a0000000-0000-0000-0000-aa0000000044', 'd0000000-0000-0000-0000-da0000000001', 'ktaylor@precision.com',    'Karen Taylor',      'member', 'finisher',  30);

-- Install (5 installers)
INSERT INTO users (id, org_id, email, name, role, employee_type, hourly_cost) VALUES
  ('a0000000-0000-0000-0000-aa0000000050', 'd0000000-0000-0000-0000-da0000000001', 'panderson@precision.com',  'Pete Anderson',     'member', 'installer', 34),
  ('a0000000-0000-0000-0000-aa0000000051', 'd0000000-0000-0000-0000-da0000000001', 'sdavis@precision.com',     'Steve Davis',       'member', 'installer', 33),
  ('a0000000-0000-0000-0000-aa0000000052', 'd0000000-0000-0000-0000-da0000000001', 'jallen@precision.com',     'Jesse Allen',       'member', 'installer', 32),
  ('a0000000-0000-0000-0000-aa0000000053', 'd0000000-0000-0000-0000-da0000000001', 'rclark@precision.com',     'Roberto Clark',     'member', 'installer', 34),
  ('a0000000-0000-0000-0000-aa0000000054', 'd0000000-0000-0000-0000-da0000000001', 'mevans@precision.com',     'Matt Evans',        'member', 'installer', 31);

-- Shop manager (admin, no dept)
INSERT INTO users (id, org_id, email, name, role, hourly_cost) VALUES
  ('a0000000-0000-0000-0000-aa0000000002', 'd0000000-0000-0000-0000-da0000000001', 'sarah@precision.com', 'Sarah Mitchell', 'admin', 0);

-- ═══════════════════════════════════════════════════════════════
-- DEPARTMENT MEMBERS
-- ═══════════════════════════════════════════════════════════════
-- Engineering
INSERT INTO department_members (org_id, department_id, user_id, is_primary) VALUES
  ('d0000000-0000-0000-0000-da0000000001', 'de000000-0000-0000-0000-de0000000001', 'a0000000-0000-0000-0000-aa0000000010', true),
  ('d0000000-0000-0000-0000-da0000000001', 'de000000-0000-0000-0000-de0000000001', 'a0000000-0000-0000-0000-aa0000000011', true),
  ('d0000000-0000-0000-0000-da0000000001', 'de000000-0000-0000-0000-de0000000001', 'a0000000-0000-0000-0000-aa0000000012', true),
  ('d0000000-0000-0000-0000-da0000000001', 'de000000-0000-0000-0000-de0000000001', 'a0000000-0000-0000-0000-aa0000000013', true);
-- CNC
INSERT INTO department_members (org_id, department_id, user_id, is_primary) VALUES
  ('d0000000-0000-0000-0000-da0000000001', 'de000000-0000-0000-0000-de0000000002', 'a0000000-0000-0000-0000-aa0000000020', true),
  ('d0000000-0000-0000-0000-da0000000001', 'de000000-0000-0000-0000-de0000000002', 'a0000000-0000-0000-0000-aa0000000021', true),
  ('d0000000-0000-0000-0000-da0000000001', 'de000000-0000-0000-0000-de0000000002', 'a0000000-0000-0000-0000-aa0000000022', true),
  ('d0000000-0000-0000-0000-da0000000001', 'de000000-0000-0000-0000-de0000000002', 'a0000000-0000-0000-0000-aa0000000023', true);
-- Assembly
INSERT INTO department_members (org_id, department_id, user_id, is_primary) VALUES
  ('d0000000-0000-0000-0000-da0000000001', 'de000000-0000-0000-0000-de0000000003', 'a0000000-0000-0000-0000-aa0000000030', true),
  ('d0000000-0000-0000-0000-da0000000001', 'de000000-0000-0000-0000-de0000000003', 'a0000000-0000-0000-0000-aa0000000031', true),
  ('d0000000-0000-0000-0000-da0000000001', 'de000000-0000-0000-0000-de0000000003', 'a0000000-0000-0000-0000-aa0000000032', true),
  ('d0000000-0000-0000-0000-da0000000001', 'de000000-0000-0000-0000-de0000000003', 'a0000000-0000-0000-0000-aa0000000033', true),
  ('d0000000-0000-0000-0000-da0000000001', 'de000000-0000-0000-0000-de0000000003', 'a0000000-0000-0000-0000-aa0000000034', true),
  ('d0000000-0000-0000-0000-da0000000001', 'de000000-0000-0000-0000-de0000000003', 'a0000000-0000-0000-0000-aa0000000035', true),
  ('d0000000-0000-0000-0000-da0000000001', 'de000000-0000-0000-0000-de0000000003', 'a0000000-0000-0000-0000-aa0000000036', true);
-- Finishing
INSERT INTO department_members (org_id, department_id, user_id, is_primary) VALUES
  ('d0000000-0000-0000-0000-da0000000001', 'de000000-0000-0000-0000-de0000000004', 'a0000000-0000-0000-0000-aa0000000040', true),
  ('d0000000-0000-0000-0000-da0000000001', 'de000000-0000-0000-0000-de0000000004', 'a0000000-0000-0000-0000-aa0000000041', true),
  ('d0000000-0000-0000-0000-da0000000001', 'de000000-0000-0000-0000-de0000000004', 'a0000000-0000-0000-0000-aa0000000042', true),
  ('d0000000-0000-0000-0000-da0000000001', 'de000000-0000-0000-0000-de0000000004', 'a0000000-0000-0000-0000-aa0000000043', true),
  ('d0000000-0000-0000-0000-da0000000001', 'de000000-0000-0000-0000-de0000000004', 'a0000000-0000-0000-0000-aa0000000044', true);
-- Install
INSERT INTO department_members (org_id, department_id, user_id, is_primary) VALUES
  ('d0000000-0000-0000-0000-da0000000001', 'de000000-0000-0000-0000-de0000000005', 'a0000000-0000-0000-0000-aa0000000050', true),
  ('d0000000-0000-0000-0000-da0000000001', 'de000000-0000-0000-0000-de0000000005', 'a0000000-0000-0000-0000-aa0000000051', true),
  ('d0000000-0000-0000-0000-da0000000001', 'de000000-0000-0000-0000-de0000000005', 'a0000000-0000-0000-0000-aa0000000052', true),
  ('d0000000-0000-0000-0000-da0000000001', 'de000000-0000-0000-0000-de0000000005', 'a0000000-0000-0000-0000-aa0000000053', true),
  ('d0000000-0000-0000-0000-da0000000001', 'de000000-0000-0000-0000-de0000000005', 'a0000000-0000-0000-0000-aa0000000054', true);

-- ═══════════════════════════════════════════════════════════════
-- PROJECTS (~$2M active production, realistic millwork)
-- ═══════════════════════════════════════════════════════════════
INSERT INTO projects (id, org_id, name, client_name, status, bid_total) VALUES
  ('b0000000-0000-0000-0000-bb0000000001', 'd0000000-0000-0000-0000-da0000000001', 'Harbor Tower Penthouse',      'Robert & Lisa Chen',      'active', 485000),
  ('b0000000-0000-0000-0000-bb0000000002', 'd0000000-0000-0000-0000-da0000000001', 'Westshore Law Office',        'Baxter & Associates',     'active', 220000),
  ('b0000000-0000-0000-0000-bb0000000003', 'd0000000-0000-0000-0000-da0000000001', 'Bayshore Condos Ph.1',        'Bayshore Development',    'active', 340000),
  ('b0000000-0000-0000-0000-bb0000000004', 'd0000000-0000-0000-0000-da0000000001', 'Davis Island Residence',      'The Martinez Family',     'active', 275000),
  ('b0000000-0000-0000-0000-bb0000000005', 'd0000000-0000-0000-0000-da0000000001', 'St. Pete Medical Center',     'Gulf Coast Healthcare',   'active', 185000),
  ('b0000000-0000-0000-0000-bb0000000006', 'd0000000-0000-0000-0000-da0000000001', 'Clearwater Beach House',      'Jim & Karen Wallace',     'active', 165000),
  ('b0000000-0000-0000-0000-bb0000000007', 'd0000000-0000-0000-0000-da0000000001', 'SoHo Restaurant Buildout',    'Salt & Vine Group',       'active', 195000),
  ('b0000000-0000-0000-0000-bb0000000008', 'd0000000-0000-0000-0000-da0000000001', 'Channelside Loft',            'Derek & Amy Foster',      'active', 128000),
  ('b0000000-0000-0000-0000-bb0000000009', 'd0000000-0000-0000-0000-da0000000001', 'Palma Ceia Club Renovation',  'Palma Ceia Golf & CC',    'bidding', 310000),
  ('b0000000-0000-0000-0000-bb0000000010', 'd0000000-0000-0000-0000-da0000000001', 'Hyde Park Townhomes',         'Trellis Development',     'bidding', 225000);

-- ═══════════════════════════════════════════════════════════════
-- SUBPROJECTS
-- ═══════════════════════════════════════════════════════════════
-- Harbor Tower Penthouse ($485k) — high-end residential, 5 subs
INSERT INTO subprojects (id, project_id, org_id, name, sort_order, material_cost, labor_hours, price) VALUES
  ('c0000000-0000-0000-0001-000000000001', 'b0000000-0000-0000-0000-bb0000000001', 'd0000000-0000-0000-0000-da0000000001', 'Kitchen',           1, 45000, 280, 145000),
  ('c0000000-0000-0000-0001-000000000002', 'b0000000-0000-0000-0000-bb0000000001', 'd0000000-0000-0000-0000-da0000000001', 'Master Suite',      2, 28000, 200, 105000),
  ('c0000000-0000-0000-0001-000000000003', 'b0000000-0000-0000-0000-bb0000000001', 'd0000000-0000-0000-0000-da0000000001', 'Library',           3, 22000, 160, 85000),
  ('c0000000-0000-0000-0001-000000000004', 'b0000000-0000-0000-0000-bb0000000001', 'd0000000-0000-0000-0000-da0000000001', 'Wine Room',         4, 18000, 130, 72000),
  ('c0000000-0000-0000-0001-000000000005', 'b0000000-0000-0000-0000-bb0000000001', 'd0000000-0000-0000-0000-da0000000001', 'Powder Rooms',      5, 12000, 90,  48000);

-- Westshore Law Office ($220k) — commercial
INSERT INTO subprojects (id, project_id, org_id, name, sort_order, material_cost, labor_hours, price) VALUES
  ('c0000000-0000-0000-0002-000000000001', 'b0000000-0000-0000-0000-bb0000000002', 'd0000000-0000-0000-0000-da0000000001', 'Reception',         1, 15000, 120, 65000),
  ('c0000000-0000-0000-0002-000000000002', 'b0000000-0000-0000-0000-bb0000000002', 'd0000000-0000-0000-0000-da0000000001', 'Conference Room',   2, 12000, 100, 55000),
  ('c0000000-0000-0000-0002-000000000003', 'b0000000-0000-0000-0000-bb0000000002', 'd0000000-0000-0000-0000-da0000000001', 'Partner Offices',   3, 14000, 110, 58000),
  ('c0000000-0000-0000-0002-000000000004', 'b0000000-0000-0000-0000-bb0000000002', 'd0000000-0000-0000-0000-da0000000001', 'File Room',         4, 8000,  70,  42000);

-- Bayshore Condos Ph.1 ($340k) — multi-unit
INSERT INTO subprojects (id, project_id, org_id, name, sort_order, material_cost, labor_hours, price) VALUES
  ('c0000000-0000-0000-0003-000000000001', 'b0000000-0000-0000-0000-bb0000000003', 'd0000000-0000-0000-0000-da0000000001', 'Unit 1 Kitchen',    1, 18000, 140, 72000),
  ('c0000000-0000-0000-0003-000000000002', 'b0000000-0000-0000-0000-bb0000000003', 'd0000000-0000-0000-0000-da0000000001', 'Unit 2 Kitchen',    2, 18000, 140, 72000),
  ('c0000000-0000-0000-0003-000000000003', 'b0000000-0000-0000-0000-bb0000000003', 'd0000000-0000-0000-0000-da0000000001', 'Unit 3 Kitchen',    3, 18000, 140, 72000),
  ('c0000000-0000-0000-0003-000000000004', 'b0000000-0000-0000-0000-bb0000000003', 'd0000000-0000-0000-0000-da0000000001', 'Common Areas',      4, 20000, 160, 84000),
  ('c0000000-0000-0000-0003-000000000005', 'b0000000-0000-0000-0000-bb0000000003', 'd0000000-0000-0000-0000-da0000000001', 'Lobby',             5, 8000,  80,  40000);

-- Davis Island Residence ($275k)
INSERT INTO subprojects (id, project_id, org_id, name, sort_order, material_cost, labor_hours, price) VALUES
  ('c0000000-0000-0000-0004-000000000001', 'b0000000-0000-0000-0000-bb0000000004', 'd0000000-0000-0000-0000-da0000000001', 'Kitchen',           1, 32000, 200, 95000),
  ('c0000000-0000-0000-0004-000000000002', 'b0000000-0000-0000-0000-bb0000000004', 'd0000000-0000-0000-0000-da0000000001', 'Master Closet',     2, 14000, 100, 52000),
  ('c0000000-0000-0000-0004-000000000003', 'b0000000-0000-0000-0000-bb0000000004', 'd0000000-0000-0000-0000-da0000000001', 'Master Bath',       3, 18000, 120, 68000),
  ('c0000000-0000-0000-0004-000000000004', 'b0000000-0000-0000-0000-bb0000000004', 'd0000000-0000-0000-0000-da0000000001', 'Mudroom',           4, 8000,  60,  35000);

-- St. Pete Medical ($185k)
INSERT INTO subprojects (id, project_id, org_id, name, sort_order, material_cost, labor_hours, price) VALUES
  ('c0000000-0000-0000-0005-000000000001', 'b0000000-0000-0000-0000-bb0000000005', 'd0000000-0000-0000-0000-da0000000001', 'Exam Rooms',        1, 14000, 110, 58000),
  ('c0000000-0000-0000-0005-000000000002', 'b0000000-0000-0000-0000-bb0000000005', 'd0000000-0000-0000-0000-da0000000001', 'Nurses Station',    2, 10000, 80,  42000),
  ('c0000000-0000-0000-0005-000000000003', 'b0000000-0000-0000-0000-bb0000000005', 'd0000000-0000-0000-0000-da0000000001', 'Waiting Area',      3, 12000, 90,  48000),
  ('c0000000-0000-0000-0005-000000000004', 'b0000000-0000-0000-0000-bb0000000005', 'd0000000-0000-0000-0000-da0000000001', 'Admin Office',      4, 6000,  50,  27000);

-- Clearwater Beach House ($165k)
INSERT INTO subprojects (id, project_id, org_id, name, sort_order, material_cost, labor_hours, price) VALUES
  ('c0000000-0000-0000-0006-000000000001', 'b0000000-0000-0000-0000-bb0000000006', 'd0000000-0000-0000-0000-da0000000001', 'Kitchen',           1, 22000, 150, 70000),
  ('c0000000-0000-0000-0006-000000000002', 'b0000000-0000-0000-0000-bb0000000006', 'd0000000-0000-0000-0000-da0000000001', 'Outdoor Kitchen',   2, 14000, 90,  45000),
  ('c0000000-0000-0000-0006-000000000003', 'b0000000-0000-0000-0000-bb0000000006', 'd0000000-0000-0000-0000-da0000000001', 'Guest Bath',        3, 8000,  60,  30000);

-- SoHo Restaurant ($195k)
INSERT INTO subprojects (id, project_id, org_id, name, sort_order, material_cost, labor_hours, price) VALUES
  ('c0000000-0000-0000-0007-000000000001', 'b0000000-0000-0000-0000-bb0000000007', 'd0000000-0000-0000-0000-da0000000001', 'Bar',               1, 20000, 160, 75000),
  ('c0000000-0000-0000-0007-000000000002', 'b0000000-0000-0000-0000-bb0000000007', 'd0000000-0000-0000-0000-da0000000001', 'Dining Room',       2, 12000, 100, 50000),
  ('c0000000-0000-0000-0007-000000000003', 'b0000000-0000-0000-0000-bb0000000007', 'd0000000-0000-0000-0000-da0000000001', 'Host Stand',        3, 5000,  40,  22000),
  ('c0000000-0000-0000-0007-000000000004', 'b0000000-0000-0000-0000-bb0000000007', 'd0000000-0000-0000-0000-da0000000001', 'Wine Display',      4, 8000,  70,  38000);

-- Channelside Loft ($128k)
INSERT INTO subprojects (id, project_id, org_id, name, sort_order, material_cost, labor_hours, price) VALUES
  ('c0000000-0000-0000-0008-000000000001', 'b0000000-0000-0000-0000-bb0000000008', 'd0000000-0000-0000-0000-da0000000001', 'Kitchen',           1, 18000, 120, 58000),
  ('c0000000-0000-0000-0008-000000000002', 'b0000000-0000-0000-0000-bb0000000008', 'd0000000-0000-0000-0000-da0000000001', 'Built-ins',         2, 10000, 80,  40000),
  ('c0000000-0000-0000-0008-000000000003', 'b0000000-0000-0000-0000-bb0000000008', 'd0000000-0000-0000-0000-da0000000001', 'Closets',           3, 6000,  50,  25000);

-- Palma Ceia Club ($310k) — bidding
INSERT INTO subprojects (id, project_id, org_id, name, sort_order, material_cost, labor_hours, price) VALUES
  ('c0000000-0000-0000-0009-000000000001', 'b0000000-0000-0000-0000-bb0000000009', 'd0000000-0000-0000-0000-da0000000001', 'Main Dining',       1, 28000, 180, 95000),
  ('c0000000-0000-0000-0009-000000000002', 'b0000000-0000-0000-0000-bb0000000009', 'd0000000-0000-0000-0000-da0000000001', 'Private Room',      2, 16000, 110, 58000),
  ('c0000000-0000-0000-0009-000000000003', 'b0000000-0000-0000-0000-bb0000000009', 'd0000000-0000-0000-0000-da0000000001', 'Bar Renovation',    3, 22000, 150, 80000),
  ('c0000000-0000-0000-0009-000000000004', 'b0000000-0000-0000-0000-bb0000000009', 'd0000000-0000-0000-0000-da0000000001', 'Pro Shop',          4, 12000, 90,  47000);

-- Hyde Park Townhomes ($225k) — bidding
INSERT INTO subprojects (id, project_id, org_id, name, sort_order, material_cost, labor_hours, price) VALUES
  ('c0000000-0000-0000-0010-000000000001', 'b0000000-0000-0000-0000-bb0000000010', 'd0000000-0000-0000-0000-da0000000001', 'Unit A Kitchen',    1, 16000, 120, 60000),
  ('c0000000-0000-0000-0010-000000000002', 'b0000000-0000-0000-0000-bb0000000010', 'd0000000-0000-0000-0000-da0000000001', 'Unit B Kitchen',    2, 16000, 120, 60000),
  ('c0000000-0000-0000-0010-000000000003', 'b0000000-0000-0000-0000-bb0000000010', 'd0000000-0000-0000-0000-da0000000001', 'Unit C Kitchen',    3, 16000, 120, 60000),
  ('c0000000-0000-0000-0010-000000000004', 'b0000000-0000-0000-0000-bb0000000010', 'd0000000-0000-0000-0000-da0000000001', 'Common Hallway',    4, 6000,  50,  25000);

-- ═══════════════════════════════════════════════════════════════
-- DEPARTMENT ALLOCATIONS (hours per dept per sub, scheduled across 18 weeks)
-- Format: ENG hours, CNC hours, Assembly hours, Finishing hours, Install hours
-- Schedule starts week of Apr 6, 2026 — staggered realistically
-- ═══════════════════════════════════════════════════════════════

-- Helper: generates 5 allocations (one per dept) for a subproject
-- We do this manually for realistic scheduling

-- Harbor Tower Penthouse — starts now, big project
-- Kitchen (ENG 24h, CNC 32h, Assy 40h, Fin 24h, Inst 16h) — weeks 0,1,2,3,5
INSERT INTO department_allocations (org_id, subproject_id, department_id, estimated_hours, scheduled_date, scheduled_days, crew_size, sequence_order) VALUES
  ('d0000000-0000-0000-0000-da0000000001', 'c0000000-0000-0000-0001-000000000001', 'de000000-0000-0000-0000-de0000000001', 24, '2026-04-06', 4, 2, 1),
  ('d0000000-0000-0000-0000-da0000000001', 'c0000000-0000-0000-0001-000000000001', 'de000000-0000-0000-0000-de0000000002', 32, '2026-04-13', 4, 2, 2),
  ('d0000000-0000-0000-0000-da0000000001', 'c0000000-0000-0000-0001-000000000001', 'de000000-0000-0000-0000-de0000000003', 40, '2026-04-20', 3, 3, 3),
  ('d0000000-0000-0000-0000-da0000000001', 'c0000000-0000-0000-0001-000000000001', 'de000000-0000-0000-0000-de0000000004', 24, '2026-04-27', 3, 2, 4),
  ('d0000000-0000-0000-0000-da0000000001', 'c0000000-0000-0000-0001-000000000001', 'de000000-0000-0000-0000-de0000000005', 16, '2026-05-11', 2, 2, 5);
-- Master Suite (ENG 20h, CNC 26h, Assy 32h, Fin 20h, Inst 12h) — weeks 1,2,3,4,6
INSERT INTO department_allocations (org_id, subproject_id, department_id, estimated_hours, scheduled_date, scheduled_days, crew_size, sequence_order) VALUES
  ('d0000000-0000-0000-0000-da0000000001', 'c0000000-0000-0000-0001-000000000002', 'de000000-0000-0000-0000-de0000000001', 20, '2026-04-13', 3, 2, 1),
  ('d0000000-0000-0000-0000-da0000000001', 'c0000000-0000-0000-0001-000000000002', 'de000000-0000-0000-0000-de0000000002', 26, '2026-04-20', 4, 2, 2),
  ('d0000000-0000-0000-0000-da0000000001', 'c0000000-0000-0000-0001-000000000002', 'de000000-0000-0000-0000-de0000000003', 32, '2026-04-27', 3, 3, 3),
  ('d0000000-0000-0000-0000-da0000000001', 'c0000000-0000-0000-0001-000000000002', 'de000000-0000-0000-0000-de0000000004', 20, '2026-05-04', 3, 2, 4),
  ('d0000000-0000-0000-0000-da0000000001', 'c0000000-0000-0000-0001-000000000002', 'de000000-0000-0000-0000-de0000000005', 12, '2026-05-18', 2, 2, 5);
-- Library — weeks 2,3,4,5,7
INSERT INTO department_allocations (org_id, subproject_id, department_id, estimated_hours, scheduled_date, scheduled_days, crew_size, sequence_order) VALUES
  ('d0000000-0000-0000-0000-da0000000001', 'c0000000-0000-0000-0001-000000000003', 'de000000-0000-0000-0000-de0000000001', 16, '2026-04-20', 3, 2, 1),
  ('d0000000-0000-0000-0000-da0000000001', 'c0000000-0000-0000-0001-000000000003', 'de000000-0000-0000-0000-de0000000002', 22, '2026-04-27', 3, 2, 2),
  ('d0000000-0000-0000-0000-da0000000001', 'c0000000-0000-0000-0001-000000000003', 'de000000-0000-0000-0000-de0000000003', 28, '2026-05-04', 2, 3, 3),
  ('d0000000-0000-0000-0000-da0000000001', 'c0000000-0000-0000-0001-000000000003', 'de000000-0000-0000-0000-de0000000004', 18, '2026-05-11', 2, 2, 4),
  ('d0000000-0000-0000-0000-da0000000001', 'c0000000-0000-0000-0001-000000000003', 'de000000-0000-0000-0000-de0000000005', 10, '2026-05-25', 2, 2, 5);
-- Wine Room — weeks 3,4,5,6,8
INSERT INTO department_allocations (org_id, subproject_id, department_id, estimated_hours, scheduled_date, scheduled_days, crew_size, sequence_order) VALUES
  ('d0000000-0000-0000-0000-da0000000001', 'c0000000-0000-0000-0001-000000000004', 'de000000-0000-0000-0000-de0000000001', 14, '2026-04-27', 2, 2, 1),
  ('d0000000-0000-0000-0000-da0000000001', 'c0000000-0000-0000-0001-000000000004', 'de000000-0000-0000-0000-de0000000002', 18, '2026-05-04', 3, 2, 2),
  ('d0000000-0000-0000-0000-da0000000001', 'c0000000-0000-0000-0001-000000000004', 'de000000-0000-0000-0000-de0000000003', 24, '2026-05-11', 2, 3, 3),
  ('d0000000-0000-0000-0000-da0000000001', 'c0000000-0000-0000-0001-000000000004', 'de000000-0000-0000-0000-de0000000004', 14, '2026-05-18', 2, 2, 4),
  ('d0000000-0000-0000-0000-da0000000001', 'c0000000-0000-0000-0001-000000000004', 'de000000-0000-0000-0000-de0000000005', 8,  '2026-06-01', 1, 2, 5);
-- Powder Rooms — weeks 4,5,6,7,9
INSERT INTO department_allocations (org_id, subproject_id, department_id, estimated_hours, scheduled_date, scheduled_days, crew_size, sequence_order) VALUES
  ('d0000000-0000-0000-0000-da0000000001', 'c0000000-0000-0000-0001-000000000005', 'de000000-0000-0000-0000-de0000000001', 10, '2026-05-04', 2, 2, 1),
  ('d0000000-0000-0000-0000-da0000000001', 'c0000000-0000-0000-0001-000000000005', 'de000000-0000-0000-0000-de0000000002', 12, '2026-05-11', 2, 2, 2),
  ('d0000000-0000-0000-0000-da0000000001', 'c0000000-0000-0000-0001-000000000005', 'de000000-0000-0000-0000-de0000000003', 18, '2026-05-18', 2, 2, 3),
  ('d0000000-0000-0000-0000-da0000000001', 'c0000000-0000-0000-0001-000000000005', 'de000000-0000-0000-0000-de0000000004', 10, '2026-05-25', 2, 2, 4),
  ('d0000000-0000-0000-0000-da0000000001', 'c0000000-0000-0000-0001-000000000005', 'de000000-0000-0000-0000-de0000000005', 6,  '2026-06-08', 1, 2, 5);

-- Westshore Law Office — starts week 1
INSERT INTO department_allocations (org_id, subproject_id, department_id, estimated_hours, scheduled_date, scheduled_days, crew_size, sequence_order) VALUES
  ('d0000000-0000-0000-0000-da0000000001', 'c0000000-0000-0000-0002-000000000001', 'de000000-0000-0000-0000-de0000000001', 12, '2026-04-13', 2, 2, 1),
  ('d0000000-0000-0000-0000-da0000000001', 'c0000000-0000-0000-0002-000000000001', 'de000000-0000-0000-0000-de0000000002', 16, '2026-04-20', 2, 2, 2),
  ('d0000000-0000-0000-0000-da0000000001', 'c0000000-0000-0000-0002-000000000001', 'de000000-0000-0000-0000-de0000000003', 20, '2026-04-27', 2, 3, 3),
  ('d0000000-0000-0000-0000-da0000000001', 'c0000000-0000-0000-0002-000000000001', 'de000000-0000-0000-0000-de0000000004', 12, '2026-05-04', 2, 2, 4),
  ('d0000000-0000-0000-0000-da0000000001', 'c0000000-0000-0000-0002-000000000001', 'de000000-0000-0000-0000-de0000000005', 8,  '2026-05-18', 1, 2, 5),
  ('d0000000-0000-0000-0000-da0000000001', 'c0000000-0000-0000-0002-000000000002', 'de000000-0000-0000-0000-de0000000001', 10, '2026-04-20', 2, 2, 1),
  ('d0000000-0000-0000-0000-da0000000001', 'c0000000-0000-0000-0002-000000000002', 'de000000-0000-0000-0000-de0000000002', 14, '2026-04-27', 2, 2, 2),
  ('d0000000-0000-0000-0000-da0000000001', 'c0000000-0000-0000-0002-000000000002', 'de000000-0000-0000-0000-de0000000003', 18, '2026-05-04', 2, 2, 3),
  ('d0000000-0000-0000-0000-da0000000001', 'c0000000-0000-0000-0002-000000000002', 'de000000-0000-0000-0000-de0000000004', 10, '2026-05-11', 2, 2, 4),
  ('d0000000-0000-0000-0000-da0000000001', 'c0000000-0000-0000-0002-000000000002', 'de000000-0000-0000-0000-de0000000005', 8,  '2026-05-25', 1, 2, 5),
  ('d0000000-0000-0000-0000-da0000000001', 'c0000000-0000-0000-0002-000000000003', 'de000000-0000-0000-0000-de0000000001', 12, '2026-04-27', 2, 2, 1),
  ('d0000000-0000-0000-0000-da0000000001', 'c0000000-0000-0000-0002-000000000003', 'de000000-0000-0000-0000-de0000000002', 16, '2026-05-04', 2, 2, 2),
  ('d0000000-0000-0000-0000-da0000000001', 'c0000000-0000-0000-0002-000000000003', 'de000000-0000-0000-0000-de0000000003', 20, '2026-05-11', 2, 3, 3),
  ('d0000000-0000-0000-0000-da0000000001', 'c0000000-0000-0000-0002-000000000003', 'de000000-0000-0000-0000-de0000000004', 12, '2026-05-18', 2, 2, 4),
  ('d0000000-0000-0000-0000-da0000000001', 'c0000000-0000-0000-0002-000000000003', 'de000000-0000-0000-0000-de0000000005', 8,  '2026-06-01', 1, 2, 5),
  ('d0000000-0000-0000-0000-da0000000001', 'c0000000-0000-0000-0002-000000000004', 'de000000-0000-0000-0000-de0000000001', 8,  '2026-05-04', 1, 2, 1),
  ('d0000000-0000-0000-0000-da0000000001', 'c0000000-0000-0000-0002-000000000004', 'de000000-0000-0000-0000-de0000000002', 10, '2026-05-11', 2, 2, 2),
  ('d0000000-0000-0000-0000-da0000000001', 'c0000000-0000-0000-0002-000000000004', 'de000000-0000-0000-0000-de0000000003', 14, '2026-05-18', 1, 3, 3),
  ('d0000000-0000-0000-0000-da0000000001', 'c0000000-0000-0000-0002-000000000004', 'de000000-0000-0000-0000-de0000000004', 8,  '2026-05-25', 1, 2, 4),
  ('d0000000-0000-0000-0000-da0000000001', 'c0000000-0000-0000-0002-000000000004', 'de000000-0000-0000-0000-de0000000005', 6,  '2026-06-08', 1, 2, 5);

-- Davis Island — starts week 2
INSERT INTO department_allocations (org_id, subproject_id, department_id, estimated_hours, scheduled_date, scheduled_days, crew_size, sequence_order) VALUES
  ('d0000000-0000-0000-0000-da0000000001', 'c0000000-0000-0000-0004-000000000001', 'de000000-0000-0000-0000-de0000000001', 20, '2026-04-20', 3, 2, 1),
  ('d0000000-0000-0000-0000-da0000000001', 'c0000000-0000-0000-0004-000000000001', 'de000000-0000-0000-0000-de0000000002', 28, '2026-04-27', 4, 2, 2),
  ('d0000000-0000-0000-0000-da0000000001', 'c0000000-0000-0000-0004-000000000001', 'de000000-0000-0000-0000-de0000000003', 36, '2026-05-04', 3, 3, 3),
  ('d0000000-0000-0000-0000-da0000000001', 'c0000000-0000-0000-0004-000000000001', 'de000000-0000-0000-0000-de0000000004', 20, '2026-05-11', 3, 2, 4),
  ('d0000000-0000-0000-0000-da0000000001', 'c0000000-0000-0000-0004-000000000001', 'de000000-0000-0000-0000-de0000000005', 14, '2026-05-25', 2, 2, 5),
  ('d0000000-0000-0000-0000-da0000000001', 'c0000000-0000-0000-0004-000000000002', 'de000000-0000-0000-0000-de0000000001', 10, '2026-04-27', 2, 2, 1),
  ('d0000000-0000-0000-0000-da0000000001', 'c0000000-0000-0000-0004-000000000002', 'de000000-0000-0000-0000-de0000000002', 14, '2026-05-04', 2, 2, 2),
  ('d0000000-0000-0000-0000-da0000000001', 'c0000000-0000-0000-0004-000000000002', 'de000000-0000-0000-0000-de0000000003', 18, '2026-05-11', 2, 2, 3),
  ('d0000000-0000-0000-0000-da0000000001', 'c0000000-0000-0000-0004-000000000002', 'de000000-0000-0000-0000-de0000000004', 10, '2026-05-18', 2, 2, 4),
  ('d0000000-0000-0000-0000-da0000000001', 'c0000000-0000-0000-0004-000000000002', 'de000000-0000-0000-0000-de0000000005', 8,  '2026-06-01', 1, 2, 5),
  ('d0000000-0000-0000-0000-da0000000001', 'c0000000-0000-0000-0004-000000000003', 'de000000-0000-0000-0000-de0000000001', 14, '2026-05-04', 2, 2, 1),
  ('d0000000-0000-0000-0000-da0000000001', 'c0000000-0000-0000-0004-000000000003', 'de000000-0000-0000-0000-de0000000002', 18, '2026-05-11', 3, 2, 2),
  ('d0000000-0000-0000-0000-da0000000001', 'c0000000-0000-0000-0004-000000000003', 'de000000-0000-0000-0000-de0000000003', 22, '2026-05-18', 2, 3, 3),
  ('d0000000-0000-0000-0000-da0000000001', 'c0000000-0000-0000-0004-000000000003', 'de000000-0000-0000-0000-de0000000004', 14, '2026-05-25', 2, 2, 4),
  ('d0000000-0000-0000-0000-da0000000001', 'c0000000-0000-0000-0004-000000000003', 'de000000-0000-0000-0000-de0000000005', 8,  '2026-06-08', 1, 2, 5),
  ('d0000000-0000-0000-0000-da0000000001', 'c0000000-0000-0000-0004-000000000004', 'de000000-0000-0000-0000-de0000000001', 6,  '2026-05-11', 1, 2, 1),
  ('d0000000-0000-0000-0000-da0000000001', 'c0000000-0000-0000-0004-000000000004', 'de000000-0000-0000-0000-de0000000002', 8,  '2026-05-18', 1, 2, 2),
  ('d0000000-0000-0000-0000-da0000000001', 'c0000000-0000-0000-0004-000000000004', 'de000000-0000-0000-0000-de0000000003', 12, '2026-05-25', 1, 3, 3),
  ('d0000000-0000-0000-0000-da0000000001', 'c0000000-0000-0000-0004-000000000004', 'de000000-0000-0000-0000-de0000000004', 8,  '2026-06-01', 1, 2, 4),
  ('d0000000-0000-0000-0000-da0000000001', 'c0000000-0000-0000-0004-000000000004', 'de000000-0000-0000-0000-de0000000005', 6,  '2026-06-15', 1, 2, 5);

-- SoHo Restaurant — starts week 3
INSERT INTO department_allocations (org_id, subproject_id, department_id, estimated_hours, scheduled_date, scheduled_days, crew_size, sequence_order) VALUES
  ('d0000000-0000-0000-0000-da0000000001', 'c0000000-0000-0000-0007-000000000001', 'de000000-0000-0000-0000-de0000000001', 16, '2026-04-27', 2, 2, 1),
  ('d0000000-0000-0000-0000-da0000000001', 'c0000000-0000-0000-0007-000000000001', 'de000000-0000-0000-0000-de0000000002', 22, '2026-05-04', 3, 2, 2),
  ('d0000000-0000-0000-0000-da0000000001', 'c0000000-0000-0000-0007-000000000001', 'de000000-0000-0000-0000-de0000000003', 30, '2026-05-11', 2, 3, 3),
  ('d0000000-0000-0000-0000-da0000000001', 'c0000000-0000-0000-0007-000000000001', 'de000000-0000-0000-0000-de0000000004', 18, '2026-05-18', 2, 2, 4),
  ('d0000000-0000-0000-0000-da0000000001', 'c0000000-0000-0000-0007-000000000001', 'de000000-0000-0000-0000-de0000000005', 12, '2026-06-01', 2, 2, 5),
  ('d0000000-0000-0000-0000-da0000000001', 'c0000000-0000-0000-0007-000000000002', 'de000000-0000-0000-0000-de0000000001', 10, '2026-05-04', 2, 2, 1),
  ('d0000000-0000-0000-0000-da0000000001', 'c0000000-0000-0000-0007-000000000002', 'de000000-0000-0000-0000-de0000000002', 14, '2026-05-11', 2, 2, 2),
  ('d0000000-0000-0000-0000-da0000000001', 'c0000000-0000-0000-0007-000000000002', 'de000000-0000-0000-0000-de0000000003', 18, '2026-05-18', 2, 2, 3),
  ('d0000000-0000-0000-0000-da0000000001', 'c0000000-0000-0000-0007-000000000002', 'de000000-0000-0000-0000-de0000000004', 10, '2026-05-25', 2, 2, 4),
  ('d0000000-0000-0000-0000-da0000000001', 'c0000000-0000-0000-0007-000000000002', 'de000000-0000-0000-0000-de0000000005', 8,  '2026-06-08', 1, 2, 5),
  ('d0000000-0000-0000-0000-da0000000001', 'c0000000-0000-0000-0007-000000000003', 'de000000-0000-0000-0000-de0000000001', 4,  '2026-05-11', 1, 1, 1),
  ('d0000000-0000-0000-0000-da0000000001', 'c0000000-0000-0000-0007-000000000003', 'de000000-0000-0000-0000-de0000000002', 6,  '2026-05-18', 1, 1, 2),
  ('d0000000-0000-0000-0000-da0000000001', 'c0000000-0000-0000-0007-000000000003', 'de000000-0000-0000-0000-de0000000003', 8,  '2026-05-25', 1, 2, 3),
  ('d0000000-0000-0000-0000-da0000000001', 'c0000000-0000-0000-0007-000000000003', 'de000000-0000-0000-0000-de0000000004', 6,  '2026-06-01', 1, 2, 4),
  ('d0000000-0000-0000-0000-da0000000001', 'c0000000-0000-0000-0007-000000000003', 'de000000-0000-0000-0000-de0000000005', 4,  '2026-06-15', 1, 1, 5),
  ('d0000000-0000-0000-0000-da0000000001', 'c0000000-0000-0000-0007-000000000004', 'de000000-0000-0000-0000-de0000000001', 8,  '2026-05-18', 1, 2, 1),
  ('d0000000-0000-0000-0000-da0000000001', 'c0000000-0000-0000-0007-000000000004', 'de000000-0000-0000-0000-de0000000002', 10, '2026-05-25', 2, 2, 2),
  ('d0000000-0000-0000-0000-da0000000001', 'c0000000-0000-0000-0007-000000000004', 'de000000-0000-0000-0000-de0000000003', 14, '2026-06-01', 1, 3, 3),
  ('d0000000-0000-0000-0000-da0000000001', 'c0000000-0000-0000-0007-000000000004', 'de000000-0000-0000-0000-de0000000004', 10, '2026-06-08', 2, 2, 4),
  ('d0000000-0000-0000-0000-da0000000001', 'c0000000-0000-0000-0007-000000000004', 'de000000-0000-0000-0000-de0000000005', 6,  '2026-06-22', 1, 2, 5);

-- Channelside Loft — starts week 5
INSERT INTO department_allocations (org_id, subproject_id, department_id, estimated_hours, scheduled_date, scheduled_days, crew_size, sequence_order) VALUES
  ('d0000000-0000-0000-0000-da0000000001', 'c0000000-0000-0000-0008-000000000001', 'de000000-0000-0000-0000-de0000000001', 12, '2026-05-11', 2, 2, 1),
  ('d0000000-0000-0000-0000-da0000000001', 'c0000000-0000-0000-0008-000000000001', 'de000000-0000-0000-0000-de0000000002', 16, '2026-05-18', 2, 2, 2),
  ('d0000000-0000-0000-0000-da0000000001', 'c0000000-0000-0000-0008-000000000001', 'de000000-0000-0000-0000-de0000000003', 20, '2026-05-25', 2, 3, 3),
  ('d0000000-0000-0000-0000-da0000000001', 'c0000000-0000-0000-0008-000000000001', 'de000000-0000-0000-0000-de0000000004', 14, '2026-06-01', 2, 2, 4),
  ('d0000000-0000-0000-0000-da0000000001', 'c0000000-0000-0000-0008-000000000001', 'de000000-0000-0000-0000-de0000000005', 10, '2026-06-15', 2, 2, 5),
  ('d0000000-0000-0000-0000-da0000000001', 'c0000000-0000-0000-0008-000000000002', 'de000000-0000-0000-0000-de0000000001', 8,  '2026-05-18', 1, 2, 1),
  ('d0000000-0000-0000-0000-da0000000001', 'c0000000-0000-0000-0008-000000000002', 'de000000-0000-0000-0000-de0000000002', 12, '2026-05-25', 2, 2, 2),
  ('d0000000-0000-0000-0000-da0000000001', 'c0000000-0000-0000-0008-000000000002', 'de000000-0000-0000-0000-de0000000003', 14, '2026-06-01', 1, 3, 3),
  ('d0000000-0000-0000-0000-da0000000001', 'c0000000-0000-0000-0008-000000000002', 'de000000-0000-0000-0000-de0000000004', 10, '2026-06-08', 2, 2, 4),
  ('d0000000-0000-0000-0000-da0000000001', 'c0000000-0000-0000-0008-000000000002', 'de000000-0000-0000-0000-de0000000005', 6,  '2026-06-22', 1, 2, 5),
  ('d0000000-0000-0000-0000-da0000000001', 'c0000000-0000-0000-0008-000000000003', 'de000000-0000-0000-0000-de0000000001', 6,  '2026-05-25', 1, 2, 1),
  ('d0000000-0000-0000-0000-da0000000001', 'c0000000-0000-0000-0008-000000000003', 'de000000-0000-0000-0000-de0000000002', 8,  '2026-06-01', 1, 2, 2),
  ('d0000000-0000-0000-0000-da0000000001', 'c0000000-0000-0000-0008-000000000003', 'de000000-0000-0000-0000-de0000000003', 10, '2026-06-08', 1, 2, 3),
  ('d0000000-0000-0000-0000-da0000000001', 'c0000000-0000-0000-0008-000000000003', 'de000000-0000-0000-0000-de0000000004', 8,  '2026-06-15', 1, 2, 4),
  ('d0000000-0000-0000-0000-da0000000001', 'c0000000-0000-0000-0008-000000000003', 'de000000-0000-0000-0000-de0000000005', 4,  '2026-06-29', 1, 1, 5);

-- Clearwater Beach House — starts week 4
INSERT INTO department_allocations (org_id, subproject_id, department_id, estimated_hours, scheduled_date, scheduled_days, crew_size, sequence_order) VALUES
  ('d0000000-0000-0000-0000-da0000000001', 'c0000000-0000-0000-0006-000000000001', 'de000000-0000-0000-0000-de0000000001', 14, '2026-05-04', 2, 2, 1),
  ('d0000000-0000-0000-0000-da0000000001', 'c0000000-0000-0000-0006-000000000001', 'de000000-0000-0000-0000-de0000000002', 20, '2026-05-11', 3, 2, 2),
  ('d0000000-0000-0000-0000-da0000000001', 'c0000000-0000-0000-0006-000000000001', 'de000000-0000-0000-0000-de0000000003', 26, '2026-05-18', 2, 3, 3),
  ('d0000000-0000-0000-0000-da0000000001', 'c0000000-0000-0000-0006-000000000001', 'de000000-0000-0000-0000-de0000000004', 16, '2026-05-25', 2, 2, 4),
  ('d0000000-0000-0000-0000-da0000000001', 'c0000000-0000-0000-0006-000000000001', 'de000000-0000-0000-0000-de0000000005', 12, '2026-06-08', 2, 2, 5),
  ('d0000000-0000-0000-0000-da0000000001', 'c0000000-0000-0000-0006-000000000002', 'de000000-0000-0000-0000-de0000000001', 10, '2026-05-11', 2, 2, 1),
  ('d0000000-0000-0000-0000-da0000000001', 'c0000000-0000-0000-0006-000000000002', 'de000000-0000-0000-0000-de0000000002', 12, '2026-05-18', 2, 2, 2),
  ('d0000000-0000-0000-0000-da0000000001', 'c0000000-0000-0000-0006-000000000002', 'de000000-0000-0000-0000-de0000000003', 16, '2026-05-25', 2, 2, 3),
  ('d0000000-0000-0000-0000-da0000000001', 'c0000000-0000-0000-0006-000000000002', 'de000000-0000-0000-0000-de0000000004', 10, '2026-06-01', 2, 2, 4),
  ('d0000000-0000-0000-0000-da0000000001', 'c0000000-0000-0000-0006-000000000002', 'de000000-0000-0000-0000-de0000000005', 8,  '2026-06-15', 1, 2, 5),
  ('d0000000-0000-0000-0000-da0000000001', 'c0000000-0000-0000-0006-000000000003', 'de000000-0000-0000-0000-de0000000001', 6,  '2026-05-18', 1, 2, 1),
  ('d0000000-0000-0000-0000-da0000000001', 'c0000000-0000-0000-0006-000000000003', 'de000000-0000-0000-0000-de0000000002', 8,  '2026-05-25', 1, 2, 2),
  ('d0000000-0000-0000-0000-da0000000001', 'c0000000-0000-0000-0006-000000000003', 'de000000-0000-0000-0000-de0000000003', 12, '2026-06-01', 1, 2, 3),
  ('d0000000-0000-0000-0000-da0000000001', 'c0000000-0000-0000-0006-000000000003', 'de000000-0000-0000-0000-de0000000004', 8,  '2026-06-08', 1, 2, 4),
  ('d0000000-0000-0000-0000-da0000000001', 'c0000000-0000-0000-0006-000000000003', 'de000000-0000-0000-0000-de0000000005', 6,  '2026-06-22', 1, 2, 5);

-- St. Pete Medical — starts week 3
INSERT INTO department_allocations (org_id, subproject_id, department_id, estimated_hours, scheduled_date, scheduled_days, crew_size, sequence_order) VALUES
  ('d0000000-0000-0000-0000-da0000000001', 'c0000000-0000-0000-0005-000000000001', 'de000000-0000-0000-0000-de0000000001', 12, '2026-04-27', 2, 2, 1),
  ('d0000000-0000-0000-0000-da0000000001', 'c0000000-0000-0000-0005-000000000001', 'de000000-0000-0000-0000-de0000000002', 16, '2026-05-04', 2, 2, 2),
  ('d0000000-0000-0000-0000-da0000000001', 'c0000000-0000-0000-0005-000000000001', 'de000000-0000-0000-0000-de0000000003', 20, '2026-05-11', 2, 3, 3),
  ('d0000000-0000-0000-0000-da0000000001', 'c0000000-0000-0000-0005-000000000001', 'de000000-0000-0000-0000-de0000000004', 12, '2026-05-18', 2, 2, 4),
  ('d0000000-0000-0000-0000-da0000000001', 'c0000000-0000-0000-0005-000000000001', 'de000000-0000-0000-0000-de0000000005', 10, '2026-06-01', 2, 2, 5),
  ('d0000000-0000-0000-0000-da0000000001', 'c0000000-0000-0000-0005-000000000002', 'de000000-0000-0000-0000-de0000000001', 8,  '2026-05-04', 1, 2, 1),
  ('d0000000-0000-0000-0000-da0000000001', 'c0000000-0000-0000-0005-000000000002', 'de000000-0000-0000-0000-de0000000002', 12, '2026-05-11', 2, 2, 2),
  ('d0000000-0000-0000-0000-da0000000001', 'c0000000-0000-0000-0005-000000000002', 'de000000-0000-0000-0000-de0000000003', 14, '2026-05-18', 1, 3, 3),
  ('d0000000-0000-0000-0000-da0000000001', 'c0000000-0000-0000-0005-000000000002', 'de000000-0000-0000-0000-de0000000004', 8,  '2026-05-25', 1, 2, 4),
  ('d0000000-0000-0000-0000-da0000000001', 'c0000000-0000-0000-0005-000000000002', 'de000000-0000-0000-0000-de0000000005', 6,  '2026-06-08', 1, 2, 5),
  ('d0000000-0000-0000-0000-da0000000001', 'c0000000-0000-0000-0005-000000000003', 'de000000-0000-0000-0000-de0000000001', 10, '2026-05-11', 2, 2, 1),
  ('d0000000-0000-0000-0000-da0000000001', 'c0000000-0000-0000-0005-000000000003', 'de000000-0000-0000-0000-de0000000002', 12, '2026-05-18', 2, 2, 2),
  ('d0000000-0000-0000-0000-da0000000001', 'c0000000-0000-0000-0005-000000000003', 'de000000-0000-0000-0000-de0000000003', 16, '2026-05-25', 2, 2, 3),
  ('d0000000-0000-0000-0000-da0000000001', 'c0000000-0000-0000-0005-000000000003', 'de000000-0000-0000-0000-de0000000004', 10, '2026-06-01', 2, 2, 4),
  ('d0000000-0000-0000-0000-da0000000001', 'c0000000-0000-0000-0005-000000000003', 'de000000-0000-0000-0000-de0000000005', 8,  '2026-06-15', 1, 2, 5),
  ('d0000000-0000-0000-0000-da0000000001', 'c0000000-0000-0000-0005-000000000004', 'de000000-0000-0000-0000-de0000000001', 6,  '2026-05-18', 1, 2, 1),
  ('d0000000-0000-0000-0000-da0000000001', 'c0000000-0000-0000-0005-000000000004', 'de000000-0000-0000-0000-de0000000002', 8,  '2026-05-25', 1, 2, 2),
  ('d0000000-0000-0000-0000-da0000000001', 'c0000000-0000-0000-0005-000000000004', 'de000000-0000-0000-0000-de0000000003', 10, '2026-06-01', 1, 2, 3),
  ('d0000000-0000-0000-0000-da0000000001', 'c0000000-0000-0000-0005-000000000004', 'de000000-0000-0000-0000-de0000000004', 6,  '2026-06-08', 1, 2, 4),
  ('d0000000-0000-0000-0000-da0000000001', 'c0000000-0000-0000-0005-000000000004', 'de000000-0000-0000-0000-de0000000005', 4,  '2026-06-22', 1, 1, 5);

-- Bayshore Condos — starts week 6 (later project)
INSERT INTO department_allocations (org_id, subproject_id, department_id, estimated_hours, scheduled_date, scheduled_days, crew_size, sequence_order) VALUES
  ('d0000000-0000-0000-0000-da0000000001', 'c0000000-0000-0000-0003-000000000001', 'de000000-0000-0000-0000-de0000000001', 14, '2026-05-18', 2, 2, 1),
  ('d0000000-0000-0000-0000-da0000000001', 'c0000000-0000-0000-0003-000000000001', 'de000000-0000-0000-0000-de0000000002', 18, '2026-05-25', 3, 2, 2),
  ('d0000000-0000-0000-0000-da0000000001', 'c0000000-0000-0000-0003-000000000001', 'de000000-0000-0000-0000-de0000000003', 24, '2026-06-01', 2, 3, 3),
  ('d0000000-0000-0000-0000-da0000000001', 'c0000000-0000-0000-0003-000000000001', 'de000000-0000-0000-0000-de0000000004', 14, '2026-06-08', 2, 2, 4),
  ('d0000000-0000-0000-0000-da0000000001', 'c0000000-0000-0000-0003-000000000001', 'de000000-0000-0000-0000-de0000000005', 10, '2026-06-22', 2, 2, 5),
  ('d0000000-0000-0000-0000-da0000000001', 'c0000000-0000-0000-0003-000000000002', 'de000000-0000-0000-0000-de0000000001', 14, '2026-05-25', 2, 2, 1),
  ('d0000000-0000-0000-0000-da0000000001', 'c0000000-0000-0000-0003-000000000002', 'de000000-0000-0000-0000-de0000000002', 18, '2026-06-01', 3, 2, 2),
  ('d0000000-0000-0000-0000-da0000000001', 'c0000000-0000-0000-0003-000000000002', 'de000000-0000-0000-0000-de0000000003', 24, '2026-06-08', 2, 3, 3),
  ('d0000000-0000-0000-0000-da0000000001', 'c0000000-0000-0000-0003-000000000002', 'de000000-0000-0000-0000-de0000000004', 14, '2026-06-15', 2, 2, 4),
  ('d0000000-0000-0000-0000-da0000000001', 'c0000000-0000-0000-0003-000000000002', 'de000000-0000-0000-0000-de0000000005', 10, '2026-06-29', 2, 2, 5),
  ('d0000000-0000-0000-0000-da0000000001', 'c0000000-0000-0000-0003-000000000003', 'de000000-0000-0000-0000-de0000000001', 14, '2026-06-01', 2, 2, 1),
  ('d0000000-0000-0000-0000-da0000000001', 'c0000000-0000-0000-0003-000000000003', 'de000000-0000-0000-0000-de0000000002', 18, '2026-06-08', 3, 2, 2),
  ('d0000000-0000-0000-0000-da0000000001', 'c0000000-0000-0000-0003-000000000003', 'de000000-0000-0000-0000-de0000000003', 24, '2026-06-15', 2, 3, 3),
  ('d0000000-0000-0000-0000-da0000000001', 'c0000000-0000-0000-0003-000000000003', 'de000000-0000-0000-0000-de0000000004', 14, '2026-06-22', 2, 2, 4),
  ('d0000000-0000-0000-0000-da0000000001', 'c0000000-0000-0000-0003-000000000003', 'de000000-0000-0000-0000-de0000000005', 10, '2026-07-06', 2, 2, 5),
  ('d0000000-0000-0000-0000-da0000000001', 'c0000000-0000-0000-0003-000000000004', 'de000000-0000-0000-0000-de0000000001', 16, '2026-06-08', 2, 2, 1),
  ('d0000000-0000-0000-0000-da0000000001', 'c0000000-0000-0000-0003-000000000004', 'de000000-0000-0000-0000-de0000000002', 20, '2026-06-15', 3, 2, 2),
  ('d0000000-0000-0000-0000-da0000000001', 'c0000000-0000-0000-0003-000000000004', 'de000000-0000-0000-0000-de0000000003', 28, '2026-06-22', 2, 3, 3),
  ('d0000000-0000-0000-0000-da0000000001', 'c0000000-0000-0000-0003-000000000004', 'de000000-0000-0000-0000-de0000000004', 16, '2026-06-29', 2, 2, 4),
  ('d0000000-0000-0000-0000-da0000000001', 'c0000000-0000-0000-0003-000000000004', 'de000000-0000-0000-0000-de0000000005', 8,  '2026-07-13', 1, 2, 5),
  ('d0000000-0000-0000-0000-da0000000001', 'c0000000-0000-0000-0003-000000000005', 'de000000-0000-0000-0000-de0000000001', 8,  '2026-06-15', 1, 2, 1),
  ('d0000000-0000-0000-0000-da0000000001', 'c0000000-0000-0000-0003-000000000005', 'de000000-0000-0000-0000-de0000000002', 10, '2026-06-22', 2, 2, 2),
  ('d0000000-0000-0000-0000-da0000000001', 'c0000000-0000-0000-0003-000000000005', 'de000000-0000-0000-0000-de0000000003', 14, '2026-06-29', 1, 3, 3),
  ('d0000000-0000-0000-0000-da0000000001', 'c0000000-0000-0000-0003-000000000005', 'de000000-0000-0000-0000-de0000000004', 8,  '2026-07-06', 1, 2, 4),
  ('d0000000-0000-0000-0000-da0000000001', 'c0000000-0000-0000-0003-000000000005', 'de000000-0000-0000-0000-de0000000005', 6,  '2026-07-20', 1, 2, 5);

-- ═══════════════════════════════════════════════════════════════
-- UPDATE ORG OWNER
-- ═══════════════════════════════════════════════════════════════
UPDATE orgs SET owner_id = 'a0000000-0000-0000-0000-aa0000000001' WHERE id = 'd0000000-0000-0000-0000-da0000000001';
